label,image_count
google,17
new,14
honda,14
nike,13
toyota,12
facebook,11
escudo,9
ks,9
yamaha,9
youtube,9
mercedes,8
apple,8
mazda,8
lks,8
the,7
nestle,7
fc,6
uefa,6
renault,6
mickey,6
repsol,5
starbucks,5
samsung,5
twitter,5
visa,5
ford,5
Google,5
iron,5
lg,5
playboy,5
michael,5
suzuki,5
amazon,5
audi,5
target,4
scania,4
adidas,4
trd,4
sony,4
disneys,4
ferrari,4
queen,4
superman,4
whatsapp,4
puma,4
kawasaki,4
polski,4
nintendo,4
linkedin,4
haribo,4
instagram,4
johnnie,4
harley,4
gks,4
ac,4
cork,4
all,3
yahoo,3
xxx,3
tesla,3
red,3
spiderman,3
black,3
sv,3
android,3
volkswagen,3
vodafone,3
wilson,3
under,3
triumph,3
versace,3
asus,3
vans,3
walt,3
volvo,3
Adidas,3
vw,3
mks,3
chivas,3
kia,3
mastercard,3
fox,3
hp,3
jack,3
depeche,3
disney,3
discovery,3
jaguar,3
find,3
coca,3
dc,3
dragon,3
manchester,3
metallica,3
bmw,3
mitsubishi,3
pokemon,3
lzs,3
levis,3
kp,3
pepsi,3
opel,3
pizza,3
vespa,2
atari,2
wells,2
adobe,2
west,2
rohs,2
shark,2
slayer,2
sparco,2
spotify,2
singer,2
available,2
super,2
barbie,2
tods,2
transformers,2
thor,2
state,2
bank,2
tommy,2
tool,2
vaillant,2
warner,2
walmart,2
alfa,2
alibaba,2
windows,2
virgin,2
ak,2
american,2
united,2
venom,2
microsoft,2
nissan,2
minnie,2
monster,2
motul,2
inter,2
kfc,2
calvin,2
carhartt,2
cimb,2
karcher,2
chicago,2
china,2
lacoste,2
lamborghini,2
la,2
k,2
bose,2
louis,2
los,2
ktm,2
maybank,2
michelin,2
boca,2
peugeot,2
bob,2
race,2
pirelli,2
paypal,2
oppo,2
panasonic,2
nirvana,2
hamilton,2
chevy,2
hot,2
Instagram,2
hitachi,2
guns,2
gucci,2
get,2
clube,2
herbalife,2
hello,2
hermes,2
jata,2
continental,2
ikea,2
jeep,2
ferrero,2
fiat,2
fender,2
fedex,2
fanta,2
dora,2
ducati,2
everton,2
eni,2
ebay,2
deftones,2
dell,2
dream,2
disneyland,2
dhl,2
world,2
dallas,2
air,2
airtel,2
abercrombie,2
zurich,2
yanmar,1
2016,1
a,1
aareal,1
ajax,1
airwell,1
aguilas,1
Agribank,1
agoda,1
afc,1
aeon,1
wendys,1
wepay,1
alipay,1
allah,1
allahabad,1
allegiant,1
alpina,1
alpine,1
alpinestars,1
amb,1
abta,1
accept,1
ace,1
wesfarmers,1
western,1
who,1
dpd,1
dplay,1
dqs,1
delta,1
dennis,1
destruction,1
dethleffs,1
deutsches,1
diesel,1
diga,1
disturbed,1
dksh,1
dakar,1
dakota,1
danger,1
danone,1
dumbo,1
dungeons,1
durex,1
dvd,1
ea7,1
eastboy,1
dodge,1
dogs,1
dolce,1
dolphin,1
dominos,1
donald,1
dorco,1
dota,1
download,1
downy,1
estado,1
eucerin,1
eva,1
everlast,1
evernote,1
exercito,1
exxon,1
dreamworks,1
drogheda,1
dropbox,1
dsquared,1
dstv,1
dtac,1
dubai,1
duff,1
duke,1
emirates,1
energizer,1
dark,1
darkthrone,1
dave,1
dbs,1
dbu,1
death,1
deezer,1
defqon,1
corvette,1
costa,1
credit,1
cruz,1
cruzeiro,1
cs,1
Fosters,1
foxtel,1
freddie,1
free,1
freelancer,1
f,1
Facebook,1
farmacias,1
fbi,1
fendi,1
Ferrari,1
feyenoord,1
fidodido,1
editora,1
Ekstraklasa,1
emblem,1
gant,1
garfield,1
gears,1
gigabyte,1
giorgio,1
givenchy,1
gloria,1
GoDaddy,1
fifa,1
fila,1
first,1
fk,1
flipkart,1
flydubai,1
fnb,1
forever,1
cobra,1
coles,1
gsk,1
gsx,1
gt,1
guess,1
guinness,1
gulf,1
Guns,1
h,1
fsc,1
fudbalski,1
g,1
g4s,1
game,1
gangster,1
godaddy,1
godfather,1
gopro,1
grendene,1
csl,1
CSS3,1
czech,1
dachdecker,1
dacia,1
daddy,1
daewoo,1
dai,1
daikin,1
dailymotion,1
coach,1
coat,1
houzz,1
hrc,1
hrs,1
husqvarna,1
Hyundai,1
hyundai,1
hamburger,1
harman,1
harry,1
havana,1
hawaiian,1
HDMI,1
he,1
Heineken,1
heineken,1
hellfish,1
chevrolet,1
chevron,1
il,1
imlive,1
inca,1
independent,1
indian,1
infocenter,1
initial,1
intel,1
hertha,1
hilux,1
hino,1
hollister,1
hondas,1
hotelscom,1
ibanez,1
ibm,1
icon,1
ieee,1
igreja,1
commonwealth,1
compaq,1
congress,1
constant,1
converse,1
coors,1
Copyright,1
corsair,1
charvel,1
chelsea,1
chennai,1
joma,1
jovens,1
jquery,1
judas,1
justitia,1
juventus,1
iphone,1
itc,1
izmir,1
jabatan,1
jagermeister,1
james,1
jas,1
java,1
jbl,1
jerry,1
kerastase,1
kering,1
kf,1
kiss,1
kit,1
knauf,1
kohls,1
jesus,1
jetblue,1
jetstar,1
jimmy,1
jockey,1
John,1
joico,1
joker,1
jollibee,1
lady,1
lambretta,1
kansas,1
kappa,1
karl,1
chiquita,1
chopard,1
christian,1
Chrysler,1
citroen,1
claro,1
Canon,1
caritas,1
carls,1
carlsberg,1
kenzo,1
lee,1
leica,1
leicester,1
lexmark,1
lidl,1
lilo,1
Linkedin,1
linkin,1
kolkata,1
komatsu,1
krc,1
kumho,1
kv,1
kyb,1
kyocera,1
l,1
brabrand,1
brasao,1
bray,1
lloyds,1
london,1
lonsdale,1
loreal,1
loterias,1
lotte,1
Louis,1
lufthansa,1
land,1
larsen,1
las,1
lavazza,1
le,1
listen,1
liverbir,1
liverpool,1
llb,1
carrefour,1
cartier,1
cartman,1
casper,1
caterpillar,1
cd,1
cdc,1
celio,1
cerro,1
chanel,1
bosch,1
bowling,1
maybelline,1
luton,1
mack,1
maclaren,1
madagascar,1
made,1
maersk,1
magento,1
Mailchimp,1
malindo,1
malossi,1
maltese,1
malvinas,1
man,1
manulife,1
liqui,1
melitta,1
Mercedes,1
metal,1
mapa,1
marinha,1
marketwatch,1
marriott,1
Marubeni,1
maruti,1
Maruti,1
marvel,1
mary,1
maserati,1
master,1
matrix,1
maxxis,1
milo,1
minions,1
Minnesota,1
mit,1
mms,1
mobil,1
modena,1
moncler,1
mazinger,1
mcdonald,1
mclaren,1
medicine,1
medtronic,1
meetup,1
megadeth,1
meizu,1
bluetooth,1
bnp,1
boavista,1
movistar,1
msi,1
msn,1
msv,1
MTV,1
Mudflap,1
mugen,1
muhammad,1
mustang,1
my,1
Mickey,1
middlesbrough,1
midea,1
mortal,1
moschino,1
motley,1
moto,1
brc,1
brembo,1
brondby,1
bullet,1
Burberry,1
burger,1
bv,1
c4,1
caf,1
caltex,1
blackberry,1
blink,1
nofx,1
nos,1
naciones,1
namecheap,1
napapijri,1
naruto,1
nasa,1
nascar,1
national,1
nautica,1
naver,1
negara,1
nestl,1
netflix,1
New,1
newcastle,1
omnicom,1
onedrive,1
oracle,1
orange,1
organizacion,1
oriflame,1
nfl,1
nfs,1
niantic,1
Nike,1
ninja,1
Nirvana,1
nismo,1
nissin,1
nivea,1
no,1
pajero,1
pampers,1
panther,1
paramount,1
paris,1
patagonia,1
paul,1
pauta,1
nutella,1
oakley,1
office,1
ogk,1
ohlins,1
olam,1
old,1
olodum,1
bbfc,1
perodua,1
petrolimex,1
petrovietnam,1
Peugeot,1
pg,1
philadelphia,1
Philadelphia,1
philipp,1
origin,1
ote,1
overhaulin,1
overkill,1
OZ,1
ozzy,1
PacSun,1
penrith,1
penti,1
pepe,1
boeing,1
bombay,1
bon,1
bookingcom,1
booster,1
bootstrap,1
bope,1
borders,1
Barclays,1
barclays,1
bat,1
batman,1
bb,1
ptc,1
Puma,1
philips,1
pink,1
pinterest,1
pioneer,1
pit,1
Playboy,1
playstation,1
plks,1
pocoyo,1
pokmon,1
polaroid,1
police,1
pct,1
peach,1
rammstein,1
ramones,1
randers,1
rastaman,1
polis,1
polo,1
popeye,1
porn,1
Porsche,1
portland,1
POSB,1
postnl,1
prada,1
premier,1
pringles,1
prudential,1
renthal,1
Reuters,1
rip,1
rks,1
rock,1
rocket,1
purina,1
python,1
qantas,1
qatar,1
qbe,1
quake,1
rackspace,1
radiohead,1
rakuten,1
ralliart,1
rtp,1
ruby,1
Sabeco,1
saint,1
Samsung,1
samuel,1
santander,1
sap,1
scandinavian,1
scarface,1
rav4,1
razer,1
rb,1
real,1
reebok,1
reliance,1
avg,1
avon,1
avtocompany,1
sephora,1
sg,1
sgt,1
sgx,1
sharp,1
shelby,1
shell,1
shift,1
shimano,1
roland,1
rolex,1
rolls,1
royal,1
screamin,1
seat,1
sembcorp,1
sempra,1
senati,1
behance,1
behringer,1
ben,1
bettys,1
beyblade,1
big,1
billabong,1
bindal,1
Birmingham,1
avaldsnes,1
avengers,1
spy,1
shoei,1
shopify,1
shotokan,1
showa,1
skechers,1
sketchup,1
skunk2,1
sky,1
skype,1
slipknot,1
smile,1
smirnoff,1
snapchat,1
snoopy,1
schweppes,1
stussy,1
subaru,1
subway,1
sun,1
sunderland,1
social,1
sofort,1
sonatrach,1
sonderjyske,1
southwest,1
spider,1
Spiderman,1
spirit,1
sporting,1
sprinter,1
sprite,1
sydney,1
t,1
taco,1
taobao,1
tap,1
tata,1
tattoo,1
taylormade,1
tecate,1
ss,1
ssc,1
st,1
star,1
steve,1
stihl,1
stp,1
supreme,1
swastika,1
ayrton,1
b,1
baby,1
bajaj,1
balenciaga,1
Balmain,1
Bamboo,1
bandcamp,1
arnette,1
arsenal,1
Arsenal,1
art,1
asane,1
ashok,1
trek,1
tribal,1
techcombank,1
Telenor,1
tennessee,1
thai,1
thaibev,1
thinkpad,1
thrasher,1
thundercats,1
tiger,1
timken,1
tinder,1
titan,1
Superman,1
supra,1
Twitter,1
two,1
uanl,1
uber,1
udem,1
uitm,1
ultraman,1
tokyo,1
tom,1
toronto,1
toshiba,1
tous,1
toyo,1
trafik,1
transcend,1
travel,1
trussardi,1
tsv,1
turkish,1
turkiye,1
asos,1
asterix,1
aston,1
at,1
Atlanta,1
atlanta,1
Available,1
amsoil,1
amway,1
andhra,1
Android,1
Twitch,1
vinamilk,1
umbro,1
unfpa,1
unicef,1
unilever,1
unimed,1
Uniqlo,1
uniqlo,1
unitec,1
upaep,1
ups,1
upwork,1
urban,1
usaa,1
usb,1
tripadvisor,1
alianza,1
vv,1
wacken,1
walkman,1
wall,1
walls,1
valentino,1
valur,1
vejle,1
viborg,1
victoria,1
vietcombank,1
vietjet,1
vietnam,1
viko,1
vimeo,1
wifi,1
willy,1
window,1
vingroup,1
vogue,1
anker,1
antalya,1
Apple,1
applebees,1
applied,1
aprilia,1
aral,1
ariston,1
arkie,1
ajuntament,1
akrapovic,1
advan,1
yapi,1
yes,1
yin,1
yoshimura,1
yandex,1
xiaomi,1
xplod,1
xubuntu,1
xxxx,1
Yahoo,1
Yamaha,1
abs,1
wayfair,1
waze,1
wechat,1
danzig,1
YouTube,1
yves,1
z,1
zalando,1
zara,1
zaxbys,1
zendesk,1
zippo,1
zte,1
abu,1
wonder,1
wrangler,1
wu,1
xbox,1
xerox,1
